experiment_id,experiment_name,experiment_type,experimental_group,algorithm_type,model_type,optimization_method,environment,dataset_split,data_quality_condition,pipeline_stage,visualization_type,condition_param_key,p_value,effect_size,confidence_level,statistical_power,performance_score,baseline_performance,improvement_delta,significance_level,sample_size,researcher,institution,grant_number,publication_status,study_phase,approval_status,ethics_approval,collaboration_type,funding_source,experiment_date,last_modified,version,iteration,style_complexity_level,expected_styling_condition,publication_quality,research_area,methodology,hypothesis,primary_outcome,secondary_outcomes,randomization_seed,blinding_type,allocation_ratio,dropout_rate,missing_data_strategy,quality_control_measures,data_monitoring_committee,interim_analysis_planned,stopping_rules,adverse_events,protocol_deviations,statistical_analysis_plan,software_version,computing_environment,reproducibility_score,open_science_compliance,data_sharing_plan,code_availability,preregistration_id,clinical_trial_registry,regulatory_approval,sponsor_information,conflict_of_interest,author_contributions,acknowledgments,supplementary_materials,peer_review_status,journal_target,impact_factor_target,citation_count,altmetrics_score,social_media_mentions,media_coverage,policy_impact,translation_potential,commercial_applications,patient_benefit,societal_impact,environmental_considerations,economic_evaluation,cost_effectiveness,budget_allocation,resource_utilization,timeline_adherence,milestone_completion,risk_assessment,mitigation_strategies,contingency_plans,stakeholder_engagement,communication_strategy,dissemination_plan,training_requirements,quality_assurance,audit_trail,change_control,version_control,backup_strategy,security_measures,privacy_protection,consent_management,data_governance,regulatory_compliance,international_standards,best_practices_adherence,innovation_metrics,technology_readiness,scalability_assessment,sustainability_measures,future_directions,lessons_learned,recommendations,conclusions
EXP-2024-001,Neural Architecture Optimization Study,comparative_analysis,control,logistic_regression,baseline,grid_search,development,train,training.data.raw,training,data_quality,experimental_conditions.control.condition_id,0.045,0.15,0.75,0.80,0.752,0.750,0.002,0.05,1000,Dr. Sarah Chen,Stanford University,NSF-2024-AI-001,draft,phase_2,approved,IRB-2024-001,multi_institutional,NSF,2024-01-15,2024-12-19,1.0,1,basic,training.model.baseline.development,high,machine_learning,randomized_controlled_trial,Neural architectures improve model performance,accuracy_improvement,precision_recall_f1,42,single_blind,1:1,0.05,multiple_imputation,automated_quality_checks,yes,yes,futility_boundary,none,none,bayesian_analysis,Python 3.11,AWS EC2,0.95,compliant,open_data_repository,github_public,OSF-2024-001,ClinicalTrials.gov,FDA_pending,Stanford_University,declared_none,Chen_S_lead_analysis,NIH_NCATS_support,code_data_protocols,submitted,Nature_Machine_Intelligence,15.2,0,0,5,low,high,high,moderate,high,low,moderate,750000,high,optimal,ahead_of_schedule,100,low,standard_protocols,excellent,stakeholder_meetings,quarterly_reports,planned,comprehensive,compliant,maintained,implemented,gdpr_compliant,automated,robust,iso27001,implemented,high,9,high,implemented,phase_3_extension,positive,expand_to_industry,promising
EXP-2024-002,Advanced Ensemble Learning Comparison,algorithmic_comparison,treatment_a,random_forest,candidate,bayesian_optimization,staging,validation,training.data.cleaned,training,model_performance,experimental_conditions.treatment_groups.group_a.condition_id,0.0008,0.32,0.89,0.92,0.843,0.750,0.093,0.001,1200,Dr. Michael Rodriguez,MIT,DARPA-ML-2024-002,under_review,phase_3,approved,IRB-2024-002,international,DARPA,2024-02-20,2024-12-19,1.1,2,intermediate,training.model.candidate.staging,very_high,ensemble_methods,multi_arm_parallel,Ensemble methods outperform single algorithms,auc_roc_improvement,training_time_efficiency,43,double_blind,2:1:1,0.03,listwise_deletion,statistical_process_control,yes,planned,superiority_boundary,minor,documented,frequentist_analysis,Python 3.11,Azure ML,0.97,exemplary,zenodo_repository,github_mit_license,OSF-2024-002,EudraCT,EMA_approved,MIT_CSAIL,declared_financial,Rodriguez_M_PI_Chen_S_co,DARPA_IRAD_funding,extended_appendices,accepted,JMLR,4.8,3,15,12,moderate,very_high,very_high,high,very_high,low,high,1200000,very_high,excellent,on_schedule,95,moderate,enhanced_protocols,excellent,monthly_reviews,real_time_dashboard,ongoing,comprehensive,fully_compliant,version_controlled,implemented,gdpr_hipaa_compliant,blockchain_based,enterprise_grade,iso27001_soc2,exceeded,very_high,9,very_high,implemented,commercial_licensing,exceptional,transfer_to_production,excellent
EXP-2024-003,Hyperparameter Sensitivity Analysis,optimization_study,treatment_b,gradient_boosting,candidate,random_search,production,test,training.data.transformed,training,hyperparameter_analysis,experimental_conditions.treatment_groups.group_b.condition_id,0.012,0.28,0.92,0.88,0.867,0.843,0.024,0.01,1500,Dr. Lisa Wang,Google Research,GOOGLE-AI-2024-003,published,phase_4,approved,IRB-2024-003,industry_academic,Google,2024-03-10,2024-12-19,1.2,3,advanced,training.model.candidate.production,publication,optimization_algorithms,factorial_design,Systematic hyperparameter optimization yields consistent improvements,hyperparameter_importance_ranking,computational_efficiency_gains,44,open_label,3:2,0.02,model_based_imputation,real_time_monitoring,yes,completed,non_inferiority_boundary,none,none,machine_learning_ops,Python 3.11,Google_Cloud_AI,0.98,gold_standard,nature_data_repository,apache_2_license,OSF-2024-003,WHO_ICTRP,Health_Canada_approved,Google_LLC,declared_consulting,Wang_L_corresponding_author,Google_Research_grant,interactive_notebooks,published,Nature,69.5,12,45,28,high,very_high,very_high,very_high,very_high,moderate,very_high,2000000,very_high,outstanding,ahead_of_schedule,98,low,gold_standard_protocols,outstanding,stakeholder_advisory_board,automated_reporting,completed,comprehensive,exemplary,git_flow_managed,security_first,gdpr_ccpa_compliant,immutable_ledger,defense_in_depth,iso27001_fedramp,surpassed,outstanding,10,outstanding,implemented,patent_applications_filed,transformative,industry_standard_adoption,groundbreaking
EXP-2024-004,Deep Learning Architecture Evaluation,interpretability_study,treatment_c,neural_network,champion,genetic_algorithm,development,train,training.data.raw,training,feature_importance,experimental_conditions.treatment_groups.group_c.condition_id,0.0003,0.45,0.95,0.95,0.912,0.867,0.045,0.001,2000,Dr. James Thompson,DeepMind,DEEPMIND-2024-004,submitted,phase_2,approved,IRB-2024-004,corporate_research,DeepMind,2024-04-15,2024-12-19,1.3,4,expert,training.model.champion.development,exceptional,deep_learning,nested_cross_validation,Advanced neural architectures demonstrate superior interpretability,model_explainability_scores,inference_speed_benchmarks,45,assessor_blind,4:1,0.01,sophisticated_imputation,continuous_monitoring,yes,ongoing,adaptive_boundary,none,none,explainable_ai_framework,Python 3.11,DeepMind_Infrastructure,0.99,platinum,open_science_framework,creative_commons,OSF-2024-004,ISRCTN,MHRA_approved,Alphabet_Inc,declared_equity,Thompson_J_senior_author,Alphabet_DeepMind_funding,comprehensive_documentation,Nature_review,Nature,69.5,8,67,42,very_high,exceptional,exceptional,outstanding,exceptional,low,exceptional,3500000,exceptional,exemplary,on_schedule,99,very_low,platinum_protocols,exemplary,continuous_engagement,live_dashboard,advanced,comprehensive,platinum,enterprise_git,zero_trust,gdpr_international,quantum_encryption,military_grade,iso27001_common_criteria,exceeded,platinum,10,platinum,implemented,breakthrough_patents,revolutionary,paradigm_shift,revolutionary
EXP-2024-005,Statistical Significance Validation Study,statistical_analysis,control,ensemble,champion,bayesian_optimization,staging,validation,training.data.cleaned,inference,confidence_analysis,inference_configuration.confidence_thresholds.high_confidence.condition_id,0.00005,0.68,0.99,0.99,0.948,0.912,0.036,0.001,2500,Dr. Elena Kowalski,University of Oxford,UKRI-AI-2024-005,accepted,phase_4,approved,IRB-2024-005,eu_consortium,UKRI,2024-05-22,2024-12-19,1.4,5,expert,inference.confidence.high.staging,exceptional,statistical_inference,power_analysis_design,Statistical methods provide robust confidence estimation,confidence_interval_precision,type_i_error_control,46,triple_blind,1:1:1:1,0.008,bayesian_imputation,independent_monitoring,yes,completed,binding_boundary,none,minor,robust_statistics,R_4.3,Oxford_HPC,0.99,exemplary,oxford_repository,gnu_gpl_v3,OSF-2024-005,EudraCT,NICE_approved,University_of_Oxford,none_declared,Kowalski_E_PI,UKRI_EPSRC_funding,statistical_appendix,accepted,Statistics_in_Medicine,7.6,15,89,67,very_high,exceptional,exceptional,outstanding,exceptional,low,outstanding,2800000,exceptional,outstanding,ahead_of_schedule,97,very_low,statistical_excellence,outstanding,academic_consortium,quarterly_symposiums,exemplary,comprehensive,outstanding,version_controlled,implemented,gdpr_uk_dpa,cryptographic,academic_standard,iso27001,exceeded,outstanding,9,outstanding,ongoing,statistical_software_development,significant,statistical_software_adoption,substantial
EXP-2024-006,Multi-Environment Deployment Validation,deployment_analysis,treatment_d,transformer,champion,evolutionary_search,production,test,training.data.transformed,inference,prediction_analysis,inference_configuration.prediction_types.realtime_processing.condition_id,0.00001,0.85,0.999,0.999,0.967,0.948,0.019,0.001,3000,Dr. Raj Patel,NVIDIA Research,NVIDIA-AI-2024-006,published,phase_5,approved,IRB-2024-006,industry_leading,NVIDIA,2024-06-18,2024-12-19,1.5,6,master,inference.prediction.realtime.production,transformative,deployment_engineering,real_world_evidence,Production deployment achieves target performance metrics,inference_latency_optimization,throughput_scalability,47,open_label,stratified_random,0.005,advanced_imputation,real_time_telemetry,yes,not_needed,performance_boundary,none,none,mlops_framework,Python_3.11_CUDA,NVIDIA_DGX,1.0,gold,nvidia_developer,proprietary_open_components,NVIDIA-2024-006,none,FDA_510k_approved,NVIDIA_Corporation,declared_employment,Patel_R_tech_lead,NVIDIA_internal_funding,implementation_guide,Nature_Machine_Intelligence,Nature_Machine_Intelligence,15.2,25,134,89,exceptional,transformative,transformative,revolutionary,transformative,moderate,transformative,5000000,transformative,revolutionary,ahead_of_schedule,100,none,industry_leading,revolutionary,industry_partnerships,continuous_monitoring,revolutionary,comprehensive,industry_leading,enterprise_managed,zero_trust_architecture,enterprise_compliant,quantum_resistant,enterprise_security,fedramp_high,exceeded,revolutionary,10,revolutionary,ongoing,commercial_deployment,revolutionary,market_transformation,transformative
EXP-2024-007,Baseline Performance Benchmarking,baseline_study,control,svm,baseline,grid_search,development,train,training.data.raw,training,baseline_comparison,model_configuration.baseline_models.logistic_regression.model_type,0.089,0.08,0.65,0.70,0.721,0.720,0.001,0.05,800,Dr. Anna Mueller,Technical University Berlin,DFG-2024-007,draft,phase_1,pending,IRB-2024-007,german_research,DFG,2024-07-25,2024-12-19,1.0,1,basic,training.model.baseline.development,standard,baseline_methods,simple_randomization,Baseline methods establish performance floor,accuracy_baseline,computational_baseline,48,open_label,1:1,0.08,mean_imputation,standard_monitoring,no,no,no_boundary,none,none,classical_statistics,Python_3.10,University_Cluster,0.90,standard,institutional_repository,academic_license,none,DRKS,BfArM_pending,TU_Berlin,none_declared,Mueller_A_student_researcher,DFG_student_grant,basic_documentation,in_preparation,ECML_PKDD,1.2,0,2,1,low,standard,standard,basic,standard,low,basic,150000,standard,adequate,on_schedule,80,moderate,standard_protocols,adequate,monthly_meetings,email_updates,basic,standard,compliant,basic_git,standard,gdpr_compliant,basic_encryption,academic_standard,basic_compliance,met,standard,6,standard,planned,academic_publication,modest,academic_contribution,beneficial
EXP-2024-008,Advanced Feature Engineering Impact Study,feature_engineering_study,treatment_a,xgboost,candidate,particle_swarm,staging,validation,training.data.cleaned,training,feature_analysis,data_processing.feature_engineering.data_quality_condition,0.0015,0.42,0.91,0.89,0.889,0.721,0.168,0.01,1800,Dr. Sophie Laurent,INRIA,ANR-AI-2024-008,under_review,phase_3,approved,IRB-2024-008,french_research,ANR,2024-08-12,2024-12-19,1.2,3,advanced,training.data.transformed.staging,very_high,feature_engineering,stratified_sampling,Advanced feature engineering significantly improves model performance,feature_importance_analysis,dimensionality_reduction_efficiency,49,single_blind,2:1,0.04,sophisticated_imputation,automated_quality_control,yes,planned,efficacy_boundary,none,documented,feature_selection_analysis,Python_3.11_scikit_learn,INRIA_Grid5000,0.96,excellent,hal_inria,cecill_license,HAL-2024-008,ClinicalTrials_gov,ANSM_approved,INRIA,declared_consulting,Laurent_S_lead_researcher,ANR_research_grant,technical_appendices,submitted,JMLR,4.8,5,34,19,high,very_high,very_high,high,very_high,low,high,900000,very_high,excellent,on_schedule,92,low,enhanced_protocols,excellent,research_consortium,monthly_webinars,advanced,comprehensive,excellent,git_lab_managed,implemented,gdpr_french_dpa,advanced_encryption,european_standard,iso27001_anssi,exceeded,excellent,8,excellent,ongoing,open_source_tools,substantial,research_community_adoption,significant
EXP-2024-009,Real-time Inference Optimization Study,performance_study,treatment_b,lightgbm,candidate,simulated_annealing,production,test,training.data.transformed,inference,latency_analysis,inference_configuration.prediction_types.batch_processing.condition_id,0.0045,0.35,0.88,0.85,0.856,0.889,0.033,0.01,1600,Dr. Hiroshi Tanaka,University of Tokyo,JST-CREST-2024-009,published,phase_4,approved,IRB-2024-009,japanese_research,JST,2024-09-08,2024-12-19,1.3,4,advanced,inference.prediction.batch.production,high,performance_optimization,time_series_design,Optimized inference reduces latency while maintaining accuracy,inference_latency_reduction,memory_efficiency_gains,50,double_blind,3:1,0.02,time_series_imputation,performance_monitoring,yes,completed,non_inferiority_boundary,none,none,performance_analysis,Python_3.11_numba,University_of_Tokyo_TSUBAME,0.97,excellent,j_stage_repository,bsd_3_clause,J-STAGE-2024-009,UMIN_CTR,PMDA_approved,University_of_Tokyo,declared_research_funding,Tanaka_H_corresponding,JST_CREST_funding,performance_benchmarks,published,ACM_TIST,3.9,18,78,45,high,high,high,high,high,low,high,1100000,high,excellent,ahead_of_schedule,94,moderate,japanese_quality_standards,excellent,industry_academic_partnership,bi_weekly_reports,comprehensive,standard,excellent,svn_git_hybrid,standard,japanese_privacy_law,standard_encryption,academic_standard,jis_compliance,met,excellent,8,excellent,completed,performance_optimization_library,beneficial,industry_performance_standards,beneficial
EXP-2024-010,Cross-Validation Robustness Analysis,robustness_study,treatment_c,catboost,champion,differential_evolution,development,train,training.data.raw,training,robustness_analysis,evaluation_metrics.significance_testing.p_value_thresholds.significant,0.00008,0.52,0.94,0.93,0.923,0.856,0.067,0.001,2200,Dr. Maria Gonzalez,Barcelona Supercomputing Center,ERC-2024-010,accepted,phase_3,approved,IRB-2024-010,eu_erc,ERC,2024-10-14,2024-12-19,1.4,5,expert,result.significant.p001.development,exceptional,robustness_analysis,crossover_design,Robust cross-validation methods ensure model generalizability,cross_validation_stability,generalization_error_bounds,51,assessor_blind,balanced,0.01,robust_imputation,continuous_validation,yes,ongoing,superiority_boundary,none,minor,robust_cross_validation,Python_3.11_sklearn,BSC_MareNostrum,0.98,exemplary,zenodo_bsc,mit_license,Zenodo-2024-010,EudraCT,EMA_scientific_advice,BSC_CSIC,none_declared,Gonzalez_M_PI,ERC_starting_grant,methodological_supplement,accepted,Machine_Learning,4.9,22,156,78,very_high,exceptional,exceptional,outstanding,exceptional,very_low,outstanding,1800000,exceptional,outstanding,on_schedule,96,very_low,erc_excellence_standards,outstanding,scientific_advisory_board,quarterly_reviews,outstanding,comprehensive,exemplary,git_workflow,security_focused,gdpr_eu_compliant,advanced_cryptography,european_excellence,iso27001_cc,exceeded,outstanding,9,outstanding,ongoing,methodological_framework,substantial,cross_validation_standards,significant
EXP-2024-011,Publication Quality Visualization Study,visualization_study,treatment_d,bert_transformer,champion,multi_objective_optimization,staging,validation,training.data.cleaned,reporting,publication_analysis,reporting_conditions.report_type,0.000005,0.95,0.999,0.999,0.978,0.923,0.055,0.001,2800,Dr. Alexandra Petrov,Cambridge University,WELLCOME-2024-011,published,phase_5,approved,IRB-2024-011,wellcome_trust,Wellcome,2024-11-21,2024-12-19,1.5,6,master,reporting.summary.executive.staging,transformative,scientific_visualization,publication_quality_design,Publication-quality visualizations enhance scientific communication,visualization_clarity_metrics,reader_comprehension_scores,52,triple_blind,stratified,0.003,publication_quality_imputation,editorial_monitoring,yes,not_applicable,publication_standard,none,none,publication_analysis,Python_3.11_matplotlib,Cambridge_HPC,0.99,platinum,cambridge_repository,cc_by_4_0,Cambridge-2024-011,ISRCTN,MHRA_scientific_opinion,University_of_Cambridge,none_declared,Petrov_A_senior_author,Wellcome_Trust_grant,visualization_gallery,Nature,Nature,69.5,45,267,134,exceptional,transformative,transformative,revolutionary,transformative,none,exceptional,2500000,transformative,revolutionary,ahead_of_schedule,99,none,publication_excellence,revolutionary,editorial_collaboration,real_time_feedback,revolutionary,comprehensive,platinum,publication_workflow,editorial_grade,international_standards,publication_security,editorial_standard,nature_standards,exceeded,revolutionary,10,revolutionary,ongoing,visualization_standards,revolutionary,scientific_communication_transformation,transformative
EXP-2024-012,Enterprise Integration Validation Study,integration_study,control,ensemble_voting,champion,automated_ml,production,test,training.data.transformed,reporting,enterprise_analysis,enterprise_integration.security.compliance_mode,0.158,0.02,0.55,0.60,0.745,0.978,0.233,0.05,500,Dr. Robert Johnson,IBM Research,IBM-AI-2024-012,internal_report,phase_1,approved,IRB-2024-012,enterprise_internal,IBM,2024-12-05,2024-12-19,1.0,1,basic,training.model.champion.production,moderate,enterprise_integration,pragmatic_trial,Enterprise integration meets basic operational requirements,integration_success_rate,operational_efficiency,53,open_label,convenience,0.12,enterprise_imputation,enterprise_monitoring,no,no,operational_boundary,documented,documented,enterprise_analysis,Python_3.11_enterprise,IBM_Cloud,0.85,adequate,ibm_internal,proprietary,IBM-INTERNAL-2024-012,none,none,IBM_Corporation,declared_employment,Johnson_R_project_manager,IBM_internal_budget,technical_documentation,internal_use,none,none,0,5,8,2,moderate,moderate,moderate,adequate,moderate,moderate,adequate,800000,moderate,adequate,delayed,75,high,enterprise_standards,adequate,quarterly_business_reviews,monthly_status,adequate,standard,adequate,enterprise_git,enterprise_security,enterprise_compliant,enterprise_encryption,enterprise_grade,enterprise_standards,met,adequate,7,adequate,ongoing,enterprise_deployment,adequate,operational_efficiency,adequate