cohort_id,analysis_window,temporal_phase,time_period,study_start_date,study_end_date,observation_window_days,cohort_size,baseline_metric,follow_up_metric,retention_rate,conversion_rate,churn_rate,lifetime_value,temporal_stability,trend_coefficient,seasonality_strength,change_point_probability,volatility_index,momentum_indicator,acceleration_factor,cycle_length_days,phase_shift_days,amplitude_variation,frequency_stability,harmonic_components,fourier_coefficient_1,fourier_coefficient_2,fourier_coefficient_3,autocorrelation_lag1,autocorrelation_lag7,autocorrelation_lag30,cross_correlation_baseline,trend_significance,trend_direction,trend_magnitude,seasonal_component,irregular_component,noise_level,signal_noise_ratio,stationarity_test_pvalue,adf_test_statistic,kpss_test_statistic,ljung_box_pvalue,jarque_bera_pvalue,shapiro_wilk_pvalue,anderson_darling_statistic,durbin_watson_statistic,heteroskedasticity_pvalue,arch_test_pvalue,white_test_pvalue,breusch_pagan_pvalue,garch_alpha,garch_beta,var_coefficient,arch_effect_strength,volatility_clustering,regime_switching_probability,structural_break_count,breakpoint_dates,outlier_count,outlier_severity,anomaly_detection_score,intervention_effect,treatment_response,control_baseline,treatment_delta,effect_size_cohen_d,confidence_interval_lower,confidence_interval_upper,statistical_power,sample_size_adequacy,minimum_detectable_effect,alpha_level,beta_level,bonferroni_correction,false_discovery_rate,multiple_comparison_adjustment,experimental_condition,treatment_group,control_group,randomization_scheme,stratification_variables,blocking_factors,cluster_assignment,crossover_period,washout_period,carryover_effect,period_effect,sequence_effect,interaction_effect,model_type,algorithm,environment,evaluation_metric,performance_threshold,condition_param,purpose,data_quality_score,training_environment,inference_environment,experimental_scenario,optimization_method,cross_validation_strategy,temporal_validation_method,feature_engineering_method,lag_feature_count,rolling_window_sizes,exponential_smoothing_alpha,holt_winters_alpha,holt_winters_beta,holt_winters_gamma,arima_p,arima_d,arima_q,seasonal_arima_P,seasonal_arima_D,seasonal_arima_Q,seasonal_period,prophet_growth,prophet_seasonality_mode,prophet_changepoint_prior_scale,lstm_sequence_length,lstm_hidden_units,lstm_dropout_rate,transformer_num_heads,transformer_num_layers,transformer_d_model,attention_mechanism,temporal_encoding,positional_encoding,feature_scaling_method,temporal_feature_extraction,calendar_features,holiday_features,weather_features,economic_indicators,external_regressors,multivariate_analysis,causal_inference_method,granger_causality_pvalue,lead_lag_analysis,impulse_response_duration,vector_autoregression_order,cointegration_test_pvalue,error_correction_model,regime_identification,markov_switching_states,hidden_markov_states,state_transition_probabilities,emission_probabilities,viterbi_path_likelihood,forward_backward_algorithm,baum_welch_iterations,convergence_tolerance,log_likelihood,aic_score,bic_score,hqic_score,model_selection_criterion,cross_validation_score,holdout_validation_score,walk_forward_validation_score,time_series_split_folds,purged_cross_validation,embargo_period_days,prediction_horizon_days,forecast_accuracy_mape,forecast_accuracy_smape,forecast_accuracy_mase,forecast_accuracy_rmsse,directional_accuracy,hit_rate,precision_recall_auc,temporal_feature_importance,lag_importance_scores,seasonal_importance_scores,trend_importance_scores,calendar_importance_scores,external_importance_scores,feature_stability_over_time,temporal_drift_detection,concept_drift_magnitude,distribution_shift_pvalue,population_stability_index,characteristic_stability_index,model_degradation_rate,recalibration_frequency,adaptive_learning_rate,online_learning_capability,incremental_update_frequency,batch_retraining_schedule,data_freshness_hours,latency_tolerance_seconds,real_time_processing_capability,streaming_analytics_support,event_driven_updates,trigger_based_retraining,performance_monitoring_frequency,alert_threshold_deviation,escalation_procedures,model_governance_compliance,audit_trail_completeness,version_control_integration,reproducibility_score,experiment_tracking_metadata,mlflow_experiment_id,wandb_project_id,tensorboard_log_dir,model_registry_version,artifact_storage_location,checkpoint_frequency,backup_strategy,disaster_recovery_plan,business_continuity_score,operational_resilience,stakeholder_communication,change_management_process,user_acceptance_testing,deployment_readiness_score,production_monitoring_dashboard,kpi_tracking_metrics,business_impact_measurement,roi_calculation_method,cost_benefit_analysis_score,strategic_alignment_score,competitive_advantage_metric,innovation_index,technology_maturity_level,scalability_assessment,future_roadmap_alignment,organizational_change_readiness,skill_gap_analysis,training_program_effectiveness,knowledge_transfer_completeness,documentation_quality_score,best_practices_adherence,continuous_improvement_culture,agile_methodology_adoption,devops_maturity_level,ci_cd_pipeline_integration,automated_testing_coverage,quality_assurance_score,security_compliance_score,privacy_protection_level,data_governance_maturity,ethical_ai_compliance,bias_detection_score,fairness_assessment_metric,explainability_score,transparency_level,accountability_framework,regulatory_compliance_score,industry_standards_adherence,certification_requirements,legal_risk_assessment,intellectual_property_protection,patent_landscape_analysis,competitive_intelligence_score,market_positioning_advantage,customer_satisfaction_impact,user_experience_improvement,service_quality_enhancement,operational_efficiency_gain,process_optimization_score,automation_potential,digital_transformation_readiness,sustainability_impact_score,environmental_footprint_reduction,social_responsibility_alignment,governance_structure_maturity,leadership_engagement_level,cultural_transformation_readiness,organizational_learning_capability,adaptive_capacity_score,resilience_building_effectiveness,future_preparedness_index,strategic_flexibility_measure,innovation_pipeline_strength,ecosystem_partnership_value,collaborative_advantage_score,network_effect_potential,platform_strategy_alignment,data_network_effects,algorithmic_improvement_rate,model_performance_trajectory,learning_curve_steepness,knowledge_accumulation_rate,expertise_development_timeline,competency_building_progress,capability_maturation_roadmap,value_creation_acceleration,impact_amplification_factor,outcome_optimization_potential,benefit_realization_timeline,return_investment_projection,value_proposition_strength,market_adoption_readiness,customer_acceptance_likelihood,user_adoption_barriers,change_resistance_factors,implementation_complexity_score,technical_debt_assessment,maintenance_burden_evaluation,support_requirements_analysis,training_needs_assessment,resource_allocation_optimization,capacity_planning_accuracy,demand_forecasting_precision,supply_chain_optimization,inventory_management_efficiency,logistics_coordination_effectiveness,distribution_network_optimization,channel_partner_engagement,customer_relationship_management,loyalty_program_effectiveness,retention_strategy_impact,acquisition_cost_optimization,customer_lifetime_value_maximization,market_segmentation_precision,personalization_effectiveness,recommendation_system_performance,content_optimization_impact,engagement_metric_improvement,conversion_funnel_optimization,sales_process_enhancement,revenue_optimization_potential,profit_margin_improvement,cost_structure_optimization,operational_leverage_enhancement,economies_scale_realization,scope_economies_exploitation,learning_economies_development,network_economies_activation,platform_economies_monetization,data_economies_utilization,algorithm_economies_scaling,ai_economies_deployment,automation_economies_achievement,digital_economies_transformation
COHORT_001,week_1,baseline,2024-01-01_to_2024-01-07,2024-01-01,2024-12-31,365,2500,0.15,0.18,0.92,0.12,0.08,1250.75,0.85,0.0012,0.34,0.15,0.28,0.76,0.03,7,1.2,0.15,0.88,3,0.24,-0.18,0.09,0.82,0.65,0.34,0.78,0.001,positive,moderate,0.12,0.03,0.05,18.5,0.02,-2.85,0.12,0.45,0.82,0.91,1.85,2.15,0.65,0.28,0.88,0.45,0.35,0.55,0.12,moderate,0.25,2,2024-03-15;2024-09-22,3,low,0.15,0.08,0.15,0.12,0.03,0.68,0.09,0.21,0.85,adequate,0.02,0.05,0.20,none,0.15,bonferroni,experiment.treatment.group_a,treatment_a,control,stratified_randomization,age;income;geography,block_1,none,none,none,none,none,none,training.model.candidate,random_forest,development,retention_rate,0.85,experimental_conditions.treatment_groups.group_a.condition_id,exploration,0.88,training.model.candidate.development,inference.prediction.batch.development,temporal_longitudinal_study,bayesian_optimization,time_series_split,purged_cross_validation,lag_features,12,"[7,14,30]",0.3,0.3,0.1,0.1,1,1,1,1,0,1,7,linear,additive,0.05,30,128,0.2,8,4,256,multi_head,learned,sinusoidal,standard_scaler,statistical_features,yes,yes,no,yes,5,yes,granger_causality,0.02,yes,10,3,0.01,yes,switching_regression,3,3,"[[0.8,0.1,0.1],[0.1,0.8,0.1],[0.1,0.1,0.8]]","[[0.7,0.3],[0.6,0.4],[0.5,0.5]]",0.92,yes,yes,50,1e-6,-1250.85,2580.45,2642.18,2598.22,aic,0.88,0.85,0.82,5,yes,14,30,8.5,12.3,0.95,0.88,0.78,0.85,0.82,"[0.25,0.18,0.15,0.12,0.08]","[0.22,0.19,0.16,0.14,0.11]","[0.35,0.28,0.22,0.18,0.15]","[0.15,0.12,0.09,0.07,0.05]","[0.18,0.15,0.12,0.10,0.08]","[0.12,0.10,0.08,0.06,0.04]",0.85,yes,0.15,0.02,0.85,0.78,0.02,weekly,0.001,yes,hourly,daily,4,48,yes,yes,yes,yes,yes,yes,hourly,0.05,automated,compliant,complete,yes,0.95,complete,EXP_TMP_001,wandb_temporal_001,logs/tensorboard/temporal,v1.2.3,s3://temporal-artifacts,hourly,automated,tested,0.95,excellent,documented,managed,passed,0.92,operational,tracked,measured,roi_positive,favorable,aligned,competitive,high,mature,assessed,aligned,ready,analyzed,effective,complete,0.92,excellent,strong,adopted,mature,integrated,0.95,excellent,excellent,compliant,excellent,excellent,compliant,0.88,0.92,excellent,excellent,compliant,excellent,assessed,analyzed,excellent,excellent,excellent,enhanced,optimized,high,ready,excellent,reduced,aligned,mature,engaged,ready,excellent,0.95,excellent,strong,high,strong,enhanced,optimized,enhanced,optimized,enhanced,optimized,enhanced,optimized,enhanced,optimized,enhanced,optimized,enhanced,optimized,enhanced,optimized,enhanced,optimized,enhanced,optimized,enhanced,optimized,enhanced,optimized,enhanced,optimized,enhanced,optimized,enhanced,optimized,enhanced,optimized,enhanced,optimized,enhanced,optimized,enhanced,optimized,enhanced,optimized,enhanced,optimized,enhanced,optimized,enhanced,optimized,enhanced,optimized,enhanced,optimized,enhanced,optimized,enhanced,optimized,enhanced,optimized,enhanced,optimized,enhanced,optimized,enhanced,optimized,enhanced,optimized,enhanced,optimized,enhanced,optimized,enhanced,optimized,enhanced,optimized,enhanced,optimized,enhanced,optimized,enhanced,optimized,enhanced,optimized,enhanced,optimized,enhanced,optimized,enhanced,optimized,enhanced,optimized,enhanced,optimized,enhanced,optimized,enhanced,optimized,enhanced,optimized,enhanced,optimized,enhanced,optimized,enhanced,optimized,enhanced,optimized,enhanced,optimized,enhanced,optimized,enhanced,optimized,enhanced,optimized,enhanced,optimized,enhanced,optimized,enhanced,optimized,enhanced,optimized,enhanced,optimized,enhanced,optimized,enhanced,optimized,enhanced,optimized,enhanced
COHORT_001,week_2,intervention,2024-01-08_to_2024-01-14,2024-01-01,2024-12-31,365,2500,0.18,0.22,0.94,0.15,0.06,1385.20,0.88,0.0018,0.38,0.18,0.25,0.82,0.05,7,0.8,0.18,0.91,3,0.28,-0.15,0.12,0.85,0.68,0.38,0.82,0.001,positive,strong,0.15,0.02,0.04,22.8,0.01,-3.12,0.08,0.38,0.85,0.88,1.62,2.28,0.58,0.25,0.91,0.38,0.28,0.48,0.08,strong,0.18,1,2024-09-22,2,low,0.12,0.12,0.22,0.18,0.06,0.78,0.12,0.28,0.88,adequate,0.015,0.05,0.20,bonferroni,0.12,bonferroni,experiment.treatment.group_a,treatment_a,control,stratified_randomization,age;income;geography,block_1,none,none,none,none,none,none,training.model.candidate,random_forest,development,retention_rate,0.85,experimental_conditions.treatment_groups.group_a.condition_id,exploration,0.90,training.model.candidate.development,inference.prediction.batch.development,temporal_longitudinal_study,bayesian_optimization,time_series_split,purged_cross_validation,lag_features,12,"[7,14,30]",0.3,0.3,0.1,0.1,1,1,1,1,0,1,7,linear,additive,0.05,30,128,0.2,8,4,256,multi_head,learned,sinusoidal,standard_scaler,statistical_features,yes,yes,no,yes,5,yes,granger_causality,0.018,yes,10,3,0.008,yes,switching_regression,3,3,"[[0.8,0.1,0.1],[0.1,0.8,0.1],[0.1,0.1,0.8]]","[[0.7,0.3],[0.6,0.4],[0.5,0.5]]",0.94,yes,yes,50,1e-6,-1185.22,2448.85,2502.15,2475.88,aic,0.90,0.88,0.85,5,yes,14,30,7.8,11.5,0.96,0.89,0.81,0.87,0.84,"[0.28,0.22,0.18,0.15,0.12]","[0.25,0.22,0.19,0.16,0.13]","[0.38,0.32,0.26,0.22,0.18]","[0.18,0.15,0.12,0.10,0.08]","[0.22,0.18,0.15,0.12,0.10]","[0.15,0.12,0.10,0.08,0.06]",0.88,yes,0.12,0.018,0.88,0.82,0.018,weekly,0.0008,yes,hourly,daily,4,48,yes,yes,yes,yes,yes,yes,hourly,0.05,automated,compliant,complete,yes,0.96,complete,EXP_TMP_001,wandb_temporal_001,logs/tensorboard/temporal,v1.2.3,s3://temporal-artifacts,hourly,automated,tested,0.96,excellent,documented,managed,passed,0.94,operational,tracked,measured,roi_positive,favorable,aligned,competitive,high,mature,assessed,aligned,ready,analyzed,effective,complete,0.94,excellent,strong,adopted,mature,integrated,0.96,excellent,excellent,compliant,excellent,excellent,compliant,0.90,0.94,excellent,excellent,compliant,excellent,assessed,analyzed,excellent,excellent,excellent,enhanced,optimized,high,ready,excellent,reduced,aligned,mature,engaged,ready,excellent,0.96,excellent,strong,high,strong,enhanced,optimized,enhanced,optimized,enhanced,optimized,enhanced,optimized,enhanced,optimized,enhanced,optimized,enhanced,optimized,enhanced,optimized,enhanced,optimized,enhanced,optimized,enhanced,optimized,enhanced,optimized,enhanced,optimized,enhanced,optimized,enhanced,optimized,enhanced,optimized,enhanced,optimized,enhanced,optimized,enhanced,optimized,enhanced,optimized,enhanced,optimized,enhanced,optimized,enhanced,optimized,enhanced,optimized,enhanced,optimized,enhanced,optimized,enhanced,optimized,enhanced,optimized,enhanced,optimized,enhanced,optimized,enhanced,optimized,enhanced,optimized,enhanced,optimized,enhanced,optimized,enhanced,optimized,enhanced,optimized,enhanced,optimized,enhanced,optimized,enhanced,optimized,enhanced,optimized,enhanced,optimized,enhanced,optimized,enhanced,optimized,enhanced,optimized,enhanced,optimized,enhanced,optimized,enhanced,optimized,enhanced,optimized,enhanced,optimized,enhanced,optimized,enhanced,optimized,enhanced,optimized,enhanced,optimized,enhanced,optimized,enhanced,optimized,enhanced,optimized,enhanced,optimized,enhanced,optimized,enhanced,optimized,enhanced,optimized,enhanced,optimized,enhanced,optimized,enhanced,optimized,enhanced
COHORT_001,week_4,followup,2024-01-22_to_2024-01-28,2024-01-01,2024-12-31,365,2500,0.22,0.28,0.96,0.18,0.04,1580.85,0.92,0.0025,0.42,0.22,0.22,0.88,0.08,7,0.5,0.22,0.94,3,0.32,-0.12,0.15,0.88,0.72,0.42,0.86,0.001,positive,very_strong,0.18,0.015,0.03,28.5,0.008,-3.45,0.05,0.32,0.88,0.85,1.45,2.42,0.52,0.22,0.94,0.32,0.22,0.42,0.05,very_strong,0.15,0,none,1,very_low,0.08,0.18,0.28,0.22,0.1,0.88,0.15,0.35,0.92,excellent,0.01,0.05,0.20,bonferroni,0.08,bonferroni,experiment.treatment.group_a,treatment_a,control,stratified_randomization,age;income;geography,block_1,none,none,none,none,none,none,training.model.candidate,random_forest,development,retention_rate,0.85,experimental_conditions.treatment_groups.group_a.condition_id,exploration,0.92,training.model.candidate.development,inference.prediction.batch.development,temporal_longitudinal_study,bayesian_optimization,time_series_split,purged_cross_validation,lag_features,12,"[7,14,30]",0.3,0.3,0.1,0.1,1,1,1,1,0,1,7,linear,additive,0.05,30,128,0.2,8,4,256,multi_head,learned,sinusoidal,standard_scaler,statistical_features,yes,yes,no,yes,5,yes,granger_causality,0.025,yes,10,3,0.005,yes,switching_regression,3,3,"[[0.8,0.1,0.1],[0.1,0.8,0.1],[0.1,0.1,0.8]]","[[0.7,0.3],[0.6,0.4],[0.5,0.5]]",0.96,yes,yes,50,1e-6,-1085.45,2348.22,2395.88,2372.15,aic,0.92,0.90,0.88,5,yes,14,30,6.8,10.2,0.97,0.91,0.84,0.89,0.86,"[0.32,0.28,0.22,0.18,0.15]","[0.28,0.25,0.22,0.19,0.16]","[0.42,0.38,0.32,0.28,0.22]","[0.22,0.18,0.15,0.12,0.10]","[0.28,0.22,0.18,0.15,0.12]","[0.18,0.15,0.12,0.10,0.08]",0.92,yes,0.08,0.025,0.92,0.88,0.025,weekly,0.0005,yes,hourly,daily,4,48,yes,yes,yes,yes,yes,yes,hourly,0.05,automated,compliant,complete,yes,0.97,complete,EXP_TMP_001,wandb_temporal_001,logs/tensorboard/temporal,v1.2.3,s3://temporal-artifacts,hourly,automated,tested,0.97,excellent,documented,managed,passed,0.96,operational,tracked,measured,roi_positive,favorable,aligned,competitive,high,mature,assessed,aligned,ready,analyzed,effective,complete,0.96,excellent,strong,adopted,mature,integrated,0.97,excellent,excellent,compliant,excellent,excellent,compliant,0.92,0.96,excellent,excellent,compliant,excellent,assessed,analyzed,excellent,excellent,excellent,enhanced,optimized,high,ready,excellent,reduced,aligned,mature,engaged,ready,excellent,0.97,excellent,strong,high,strong,enhanced,optimized,enhanced,optimized,enhanced,optimized,enhanced,optimized,enhanced,optimized,enhanced,optimized,enhanced,optimized,enhanced,optimized,enhanced,optimized,enhanced,optimized,enhanced,optimized,enhanced,optimized,enhanced,optimized,enhanced,optimized,enhanced,optimized,enhanced,optimized,enhanced,optimized,enhanced,optimized,enhanced,optimized,enhanced,optimized,enhanced,optimized,enhanced,optimized,enhanced,optimized,enhanced,optimized,enhanced,optimized,enhanced,optimized,enhanced,optimized,enhanced,optimized,enhanced,optimized,enhanced,optimized,enhanced,optimized,enhanced,optimized,enhanced,optimized,enhanced,optimized,enhanced,optimized,enhanced,optimized,enhanced,optimized,enhanced,optimized,enhanced,optimized,enhanced,optimized,enhanced,optimized,enhanced,optimized,enhanced,optimized,enhanced,optimized,enhanced,optimized,enhanced,optimized,enhanced,optimized,enhanced,optimized,enhanced,optimized,enhanced,optimized,enhanced,optimized,enhanced,optimized,enhanced,optimized,enhanced,optimized,enhanced,optimized,enhanced,optimized,enhanced,optimized,enhanced,optimized,enhanced,optimized,enhanced,optimized,enhanced,optimized,enhanced,optimized,enhanced,optimized,enhanced
COHORT_002,week_1,baseline,2024-01-01_to_2024-01-07,2024-01-01,2024-12-31,365,3000,0.14,0.16,0.89,0.10,0.11,1180.45,0.82,0.0008,0.28,0.12,0.32,0.72,0.02,7,1.5,0.12,0.85,3,0.18,-0.22,0.06,0.78,0.62,0.28,0.75,0.002,positive,weak,0.08,0.05,0.08,15.2,0.03,-2.65,0.18,0.52,0.78,0.94,2.15,1.85,0.72,0.32,0.85,0.52,0.42,0.68,0.18,weak,0.32,3,2024-02-18;2024-06-12;2024-10-05,5,medium,0.22,0.05,0.10,0.08,0.02,0.58,0.06,0.18,0.82,adequate,0.025,0.05,0.20,none,0.18,fdr,experiment.treatment.group_b,treatment_b,control,cluster_randomization,age;income;education,block_2,none,none,none,none,none,none,training.model.candidate,gradient_boosting,staging,conversion_rate,0.75,experimental_conditions.treatment_groups.group_b.condition_id,presentation,0.85,training.model.candidate.staging,inference.prediction.realtime.staging,temporal_longitudinal_study,random_search,time_series_split,blocked_time_series_split,rolling_features,15,"[3,7,14,30]",0.2,0.2,0.15,0.15,2,1,2,1,0,1,30,logistic,multiplicative,0.1,45,256,0.3,12,6,512,multi_head,learned,positional,robust_scaler,engineered_features,yes,yes,yes,yes,8,yes,vector_autoregression,0.01,yes,15,5,0.02,yes,threshold_autoregression,4,4,"[[0.7,0.2,0.1],[0.2,0.7,0.1],[0.1,0.1,0.8]]","[[0.6,0.4],[0.5,0.5],[0.4,0.6]]",0.88,yes,yes,75,1e-5,-1485.78,2758.85,2825.42,2789.68,bic,0.85,0.82,0.78,8,yes,21,45,9.8,13.8,0.94,0.86,0.76,0.83,0.79,"[0.18,0.15,0.12,0.10,0.08]","[0.16,0.14,0.12,0.10,0.08]","[0.28,0.24,0.20,0.16,0.12]","[0.12,0.10,0.08,0.06,0.05]","[0.16,0.14,0.12,0.10,0.08]","[0.10,0.08,0.07,0.06,0.05]",0.82,yes,0.18,0.01,0.82,0.75,0.01,weekly,0.002,yes,hourly,daily,6,24,yes,yes,yes,yes,yes,yes,hourly,0.08,automated,compliant,complete,yes,0.94,complete,EXP_TMP_002,wandb_temporal_002,logs/tensorboard/temporal,v1.2.3,s3://temporal-artifacts,hourly,automated,tested,0.94,excellent,documented,managed,passed,0.89,operational,tracked,measured,roi_positive,favorable,aligned,competitive,high,mature,assessed,aligned,ready,analyzed,effective,complete,0.89,excellent,strong,adopted,mature,integrated,0.94,excellent,excellent,compliant,excellent,excellent,compliant,0.85,0.89,excellent,excellent,compliant,excellent,assessed,analyzed,excellent,excellent,excellent,enhanced,optimized,high,ready,excellent,reduced,aligned,mature,engaged,ready,excellent,0.94,excellent,strong,high,strong,enhanced,optimized,enhanced,optimized,enhanced,optimized,enhanced,optimized,enhanced,optimized,enhanced,optimized,enhanced,optimized,enhanced,optimized,enhanced,optimized,enhanced,optimized,enhanced,optimized,enhanced,optimized,enhanced,optimized,enhanced,optimized,enhanced,optimized,enhanced,optimized,enhanced,optimized,enhanced,optimized,enhanced,optimized,enhanced,optimized,enhanced,optimized,enhanced,optimized,enhanced,optimized,enhanced,optimized,enhanced,optimized,enhanced,optimized,enhanced,optimized,enhanced,optimized,enhanced,optimized,enhanced,optimized,enhanced,optimized,enhanced,optimized,enhanced,optimized,enhanced,optimized,enhanced,optimized,enhanced,optimized,enhanced,optimized,enhanced,optimized,enhanced,optimized,enhanced,optimized,enhanced,optimized,enhanced,optimized,enhanced,optimized,enhanced,optimized,enhanced,optimized,enhanced,optimized,enhanced,optimized,enhanced,optimized,enhanced,optimized,enhanced,optimized,enhanced,optimized,enhanced,optimized,enhanced,optimized,enhanced,optimized,enhanced,optimized,enhanced,optimized,enhanced,optimized,enhanced,optimized,enhanced,optimized,enhanced,optimized,enhanced,optimized,enhanced,optimized,enhanced,optimized,enhanced
COHORT_002,week_3,intervention,2024-01-15_to_2024-01-21,2024-01-01,2024-12-31,365,3000,0.16,0.21,0.91,0.13,0.09,1345.88,0.86,0.0015,0.32,0.16,0.28,0.78,0.04,7,1.0,0.16,0.88,3,0.22,-0.18,0.08,0.82,0.66,0.32,0.79,0.001,positive,moderate,0.12,0.03,0.06,19.8,0.02,-2.92,0.14,0.45,0.82,0.91,1.88,2.05,0.65,0.28,0.88,0.45,0.35,0.58,0.14,moderate,0.25,2,2024-06-12;2024-10-05,3,low,0.18,0.08,0.13,0.12,0.04,0.68,0.09,0.25,0.86,adequate,0.02,0.05,0.20,bonferroni,0.15,fdr,experiment.treatment.group_b,treatment_b,control,cluster_randomization,age;income;education,block_2,none,none,none,none,none,none,training.model.candidate,gradient_boosting,staging,conversion_rate,0.75,experimental_conditions.treatment_groups.group_b.condition_id,presentation,0.87,training.model.candidate.staging,inference.prediction.realtime.staging,temporal_longitudinal_study,random_search,time_series_split,blocked_time_series_split,rolling_features,15,"[3,7,14,30]",0.2,0.2,0.15,0.15,2,1,2,1,0,1,30,logistic,multiplicative,0.1,45,256,0.3,12,6,512,multi_head,learned,positional,robust_scaler,engineered_features,yes,yes,yes,yes,8,yes,vector_autoregression,0.015,yes,15,5,0.015,yes,threshold_autoregression,4,4,"[[0.7,0.2,0.1],[0.2,0.7,0.1],[0.1,0.1,0.8]]","[[0.6,0.4],[0.5,0.5],[0.4,0.6]]",0.91,yes,yes,75,1e-5,-1325.45,2428.68,2485.22,2455.88,bic,0.87,0.85,0.82,8,yes,21,45,8.5,12.5,0.95,0.88,0.79,0.85,0.82,"[0.22,0.18,0.16,0.14,0.12]","[0.20,0.17,0.15,0.13,0.11]","[0.32,0.28,0.24,0.20,0.16]","[0.16,0.14,0.12,0.10,0.08]","[0.21,0.18,0.16,0.14,0.12]","[0.13,0.11,0.10,0.09,0.08]",0.86,yes,0.15,0.015,0.86,0.79,0.015,weekly,0.001,yes,hourly,daily,6,24,yes,yes,yes,yes,yes,yes,hourly,0.08,automated,compliant,complete,yes,0.95,complete,EXP_TMP_002,wandb_temporal_002,logs/tensorboard/temporal,v1.2.3,s3://temporal-artifacts,hourly,automated,tested,0.95,excellent,documented,managed,passed,0.91,operational,tracked,measured,roi_positive,favorable,aligned,competitive,high,mature,assessed,aligned,ready,analyzed,effective,complete,0.91,excellent,strong,adopted,mature,integrated,0.95,excellent,excellent,compliant,excellent,excellent,compliant,0.87,0.91,excellent,excellent,compliant,excellent,assessed,analyzed,excellent,excellent,excellent,enhanced,optimized,high,ready,excellent,reduced,aligned,mature,engaged,ready,excellent,0.95,excellent,strong,high,strong,enhanced,optimized,enhanced,optimized,enhanced,optimized,enhanced,optimized,enhanced,optimized,enhanced,optimized,enhanced,optimized,enhanced,optimized,enhanced,optimized,enhanced,optimized,enhanced,optimized,enhanced,optimized,enhanced,optimized,enhanced,optimized,enhanced,optimized,enhanced,optimized,enhanced,optimized,enhanced,optimized,enhanced,optimized,enhanced,optimized,enhanced,optimized,enhanced,optimized,enhanced,optimized,enhanced,optimized,enhanced,optimized,enhanced,optimized,enhanced,optimized,enhanced,optimized,enhanced,optimized,enhanced,optimized,enhanced,optimized,enhanced,optimized,enhanced,optimized,enhanced,optimized,enhanced,optimized,enhanced,optimized,enhanced,optimized,enhanced,optimized,enhanced,optimized,enhanced,optimized,enhanced,optimized,enhanced,optimized,enhanced,optimized,enhanced,optimized,enhanced,optimized,enhanced,optimized,enhanced,optimized,enhanced,optimized,enhanced,optimized,enhanced,optimized,enhanced,optimized,enhanced,optimized,enhanced,optimized,enhanced,optimized,enhanced,optimized,enhanced,optimized,enhanced,optimized,enhanced,optimized,enhanced,optimized,enhanced,optimized,enhanced,optimized,enhanced,optimized,enhanced,optimized,enhanced
COHORT_002,week_6,followup,2024-01-29_to_2024-02-04,2024-01-01,2024-12-31,365,3000,0.21,0.26,0.93,0.16,0.07,1485.22,0.89,0.0022,0.36,0.19,0.25,0.84,0.06,7,0.7,0.19,0.91,3,0.26,-0.15,0.11,0.85,0.69,0.36,0.83,0.001,positive,strong,0.16,0.02,0.05,24.5,0.015,-3.18,0.11,0.38,0.85,0.88,1.65,2.25,0.58,0.25,0.91,0.38,0.28,0.48,0.11,strong,0.19,1,2024-10-05,2,low,0.15,0.11,0.16,0.16,0.07,0.78,0.12,0.32,0.89,excellent,0.015,0.05,0.20,bonferroni,0.12,fdr,experiment.treatment.group_b,treatment_b,control,cluster_randomization,age;income;education,block_2,none,none,none,none,none,none,training.model.candidate,gradient_boosting,staging,conversion_rate,0.75,experimental_conditions.treatment_groups.group_b.condition_id,presentation,0.89,training.model.candidate.staging,inference.prediction.realtime.staging,temporal_longitudinal_study,random_search,time_series_split,blocked_time_series_split,rolling_features,15,"[3,7,14,30]",0.2,0.2,0.15,0.15,2,1,2,1,0,1,30,logistic,multiplicative,0.1,45,256,0.3,12,6,512,multi_head,learned,positional,robust_scaler,engineered_features,yes,yes,yes,yes,8,yes,vector_autoregression,0.022,yes,15,5,0.01,yes,threshold_autoregression,4,4,"[[0.7,0.2,0.1],[0.2,0.7,0.1],[0.1,0.1,0.8]]","[[0.6,0.4],[0.5,0.5],[0.4,0.6]]",0.93,yes,yes,75,1e-5,-1185.88,2248.45,2295.78,2272.15,bic,0.89,0.87,0.85,8,yes,21,45,7.2,11.1,0.96,0.90,0.82,0.87,0.84,"[0.26,0.22,0.19,0.16,0.14]","[0.24,0.21,0.18,0.16,0.14]","[0.36,0.32,0.28,0.24,0.20]","[0.19,0.16,0.14,0.12,0.10]","[0.26,0.21,0.19,0.16,0.14]","[0.16,0.14,0.12,0.11,0.10]",0.89,yes,0.12,0.022,0.89,0.83,0.022,weekly,0.0008,yes,hourly,daily,6,24,yes,yes,yes,yes,yes,yes,hourly,0.08,automated,compliant,complete,yes,0.96,complete,EXP_TMP_002,wandb_temporal_002,logs/tensorboard/temporal,v1.2.3,s3://temporal-artifacts,hourly,automated,tested,0.96,excellent,documented,managed,passed,0.93,operational,tracked,measured,roi_positive,favorable,aligned,competitive,high,mature,assessed,aligned,ready,analyzed,effective,complete,0.93,excellent,strong,adopted,mature,integrated,0.96,excellent,excellent,compliant,excellent,excellent,compliant,0.89,0.93,excellent,excellent,compliant,excellent,assessed,analyzed,excellent,excellent,excellent,enhanced,optimized,high,ready,excellent,reduced,aligned,mature,engaged,ready,excellent,0.96,excellent,strong,high,strong,enhanced,optimized,enhanced,optimized,enhanced,optimized,enhanced,optimized,enhanced,optimized,enhanced,optimized,enhanced,optimized,enhanced,optimized,enhanced,optimized,enhanced,optimized,enhanced,optimized,enhanced,optimized,enhanced,optimized,enhanced,optimized,enhanced,optimized,enhanced,optimized,enhanced,optimized,enhanced,optimized,enhanced,optimized,enhanced,optimized,enhanced,optimized,enhanced,optimized,enhanced,optimized,enhanced,optimized,enhanced,optimized,enhanced,optimized,enhanced,optimized,enhanced,optimized,enhanced,optimized,enhanced,optimized,enhanced,optimized,enhanced,optimized,enhanced,optimized,enhanced,optimized,enhanced,optimized,enhanced,optimized,enhanced,optimized,enhanced,optimized,enhanced,optimized,enhanced,optimized,enhanced,optimized,enhanced,optimized,enhanced,optimized,enhanced,optimized,enhanced,optimized,enhanced,optimized,enhanced,optimized,enhanced,optimized,enhanced,optimized,enhanced,optimized,enhanced,optimized,enhanced,optimized,enhanced,optimized,enhanced,optimized,enhanced,optimized,enhanced,optimized,enhanced,optimized,enhanced,optimized,enhanced,optimized,enhanced,optimized,enhanced,optimized,enhanced,optimized,enhanced,optimized,enhanced
COHORT_003,week_2,baseline,2024-01-08_to_2024-01-14,2024-01-01,2024-12-31,365,3500,0.13,0.15,0.88,0.09,0.12,1125.85,0.80,0.0005,0.25,0.10,0.35,0.70,0.01,7,1.8,0.10,0.82,3,0.15,-0.25,0.04,0.75,0.58,0.25,0.72,0.005,positive,very_weak,0.05,0.08,0.12,12.5,0.05,-2.45,0.25,0.58,0.75,0.96,2.45,1.55,0.78,0.35,0.82,0.58,0.48,0.78,0.25,very_weak,0.38,4,2024-01-25;2024-05-15;2024-08-22;2024-11-18,7,high,0.28,0.03,0.07,0.05,0.01,0.48,0.04,0.15,0.80,marginal,0.03,0.05,0.20,none,0.22,holm,experiment.treatment.group_c,treatment_c,control,simple_randomization,age;income,block_3,none,none,none,none,none,none,training.model.champion,neural_network,production,churn_rate,0.70,experimental_conditions.treatment_groups.group_c.condition_id,publication,0.82,training.model.champion.production,inference.prediction.realtime.production,temporal_longitudinal_study,grid_search,time_series_split,expanding_window,deep_features,20,"[1,3,7,14,30,60]",0.1,0.1,0.2,0.2,3,2,3,2,1,2,90,linear,additive,0.15,60,512,0.4,16,8,1024,self_attention,learned,relative,min_max_scaler,deep_features,yes,yes,yes,yes,12,yes,nonlinear_granger,0.005,yes,20,7,0.03,yes,smooth_transition,5,5,"[[0.6,0.3,0.1],[0.3,0.6,0.1],[0.1,0.1,0.8]]","[[0.5,0.5],[0.4,0.6],[0.3,0.7]]",0.88,yes,yes,100,1e-4,-1685.45,2958.88,3025.78,2992.15,aic,0.82,0.79,0.75,10,yes,30,60,12.5,16.8,0.92,0.84,0.74,0.81,0.77,"[0.15,0.12,0.10,0.08,0.07]","[0.13,0.11,0.09,0.08,0.07]","[0.25,0.21,0.18,0.15,0.12]","[0.10,0.08,0.07,0.06,0.05]","[0.15,0.13,0.11,0.09,0.08]","[0.09,0.08,0.07,0.06,0.05]",0.80,yes,0.22,0.005,0.80,0.72,0.005,weekly,0.005,yes,hourly,daily,8,12,yes,yes,yes,yes,yes,yes,hourly,0.12,automated,compliant,complete,yes,0.92,complete,EXP_TMP_003,wandb_temporal_003,logs/tensorboard/temporal,v1.2.3,s3://temporal-artifacts,hourly,automated,tested,0.92,excellent,documented,managed,passed,0.88,operational,tracked,measured,roi_positive,favorable,aligned,competitive,high,mature,assessed,aligned,ready,analyzed,effective,complete,0.88,excellent,strong,adopted,mature,integrated,0.92,excellent,excellent,compliant,excellent,excellent,compliant,0.82,0.88,excellent,excellent,compliant,excellent,assessed,analyzed,excellent,excellent,excellent,enhanced,optimized,high,ready,excellent,reduced,aligned,mature,engaged,ready,excellent,0.92,excellent,strong,high,strong,enhanced,optimized,enhanced,optimized,enhanced,optimized,enhanced,optimized,enhanced,optimized,enhanced,optimized,enhanced,optimized,enhanced,optimized,enhanced,optimized,enhanced,optimized,enhanced,optimized,enhanced,optimized,enhanced,optimized,enhanced,optimized,enhanced,optimized,enhanced,optimized,enhanced,optimized,enhanced,optimized,enhanced,optimized,enhanced,optimized,enhanced,optimized,enhanced,optimized,enhanced,optimized,enhanced,optimized,enhanced,optimized,enhanced,optimized,enhanced,optimized,enhanced,optimized,enhanced,optimized,enhanced,optimized,enhanced,optimized,enhanced,optimized,enhanced,optimized,enhanced,optimized,enhanced,optimized,enhanced,optimized,enhanced,optimized,enhanced,optimized,enhanced,optimized,enhanced,optimized,enhanced,optimized,enhanced,optimized,enhanced,optimized,enhanced,optimized,enhanced,optimized,enhanced,optimized,enhanced,optimized,enhanced,optimized,enhanced,optimized,enhanced,optimized,enhanced,optimized,enhanced,optimized,enhanced,optimized,enhanced,optimized,enhanced,optimized,enhanced,optimized,enhanced,optimized,enhanced,optimized,enhanced,optimized,enhanced,optimized,enhanced,optimized,enhanced,optimized,enhanced,optimized,enhanced
COHORT_003,week_5,intervention,2024-01-29_to_2024-02-04,2024-01-01,2024-12-31,365,3500,0.15,0.20,0.90,0.12,0.10,1285.45,0.84,0.0012,0.29,0.14,0.31,0.76,0.03,7,1.2,0.14,0.85,3,0.19,-0.21,0.07,0.79,0.62,0.29,0.76,0.002,positive,weak,0.09,0.06,0.09,16.8,0.03,-2.72,0.21,0.48,0.79,0.93,2.18,1.82,0.72,0.31,0.85,0.48,0.38,0.68,0.21,weak,0.31,3,2024-05-15;2024-08-22;2024-11-18,5,medium,0.24,0.06,0.10,0.09,0.03,0.58,0.07,0.22,0.84,adequate,0.025,0.05,0.20,bonferroni,0.18,holm,experiment.treatment.group_c,treatment_c,control,simple_randomization,age;income,block_3,none,none,none,none,none,none,training.model.champion,neural_network,production,churn_rate,0.70,experimental_conditions.treatment_groups.group_c.condition_id,publication,0.85,training.model.champion.production,inference.prediction.realtime.production,temporal_longitudinal_study,grid_search,time_series_split,expanding_window,deep_features,20,"[1,3,7,14,30,60]",0.1,0.1,0.2,0.2,3,2,3,2,1,2,90,linear,additive,0.15,60,512,0.4,16,8,1024,self_attention,learned,relative,min_max_scaler,deep_features,yes,yes,yes,yes,12,yes,nonlinear_granger,0.012,yes,20,7,0.025,yes,smooth_transition,5,5,"[[0.6,0.3,0.1],[0.3,0.6,0.1],[0.1,0.1,0.8]]","[[0.5,0.5],[0.4,0.6],[0.3,0.7]]",0.90,yes,yes,100,1e-4,-1485.78,2758.88,2815.42,2789.68,aic,0.85,0.82,0.79,10,yes,30,60,10.8,14.5,0.94,0.87,0.77,0.83,0.80,"[0.19,0.16,0.14,0.12,0.10]","[0.17,0.15,0.13,0.11,0.10]","[0.29,0.25,0.22,0.19,0.16]","[0.14,0.12,0.10,0.09,0.08]","[0.20,0.17,0.15,0.13,0.11]","[0.12,0.10,0.09,0.08,0.07]",0.84,yes,0.18,0.012,0.84,0.76,0.012,weekly,0.002,yes,hourly,daily,8,12,yes,yes,yes,yes,yes,yes,hourly,0.12,automated,compliant,complete,yes,0.94,complete,EXP_TMP_003,wandb_temporal_003,logs/tensorboard/temporal,v1.2.3,s3://temporal-artifacts,hourly,automated,tested,0.94,excellent,documented,managed,passed,0.90,operational,tracked,measured,roi_positive,favorable,aligned,competitive,high,mature,assessed,aligned,ready,analyzed,effective,complete,0.90,excellent,strong,adopted,mature,integrated,0.94,excellent,excellent,compliant,excellent,excellent,compliant,0.85,0.90,excellent,excellent,compliant,excellent,assessed,analyzed,excellent,excellent,excellent,enhanced,optimized,high,ready,excellent,reduced,aligned,mature,engaged,ready,excellent,0.94,excellent,strong,high,strong,enhanced,optimized,enhanced,optimized,enhanced,optimized,enhanced,optimized,enhanced,optimized,enhanced,optimized,enhanced,optimized,enhanced,optimized,enhanced,optimized,enhanced,optimized,enhanced,optimized,enhanced,optimized,enhanced,optimized,enhanced,optimized,enhanced,optimized,enhanced,optimized,enhanced,optimized,enhanced,optimized,enhanced,optimized,enhanced,optimized,enhanced,optimized,enhanced,optimized,enhanced,optimized,enhanced,optimized,enhanced,optimized,enhanced,optimized,enhanced,optimized,enhanced,optimized,enhanced,optimized,enhanced,optimized,enhanced,optimized,enhanced,optimized,enhanced,optimized,enhanced,optimized,enhanced,optimized,enhanced,optimized,enhanced,optimized,enhanced,optimized,enhanced,optimized,enhanced,optimized,enhanced,optimized,enhanced,optimized,enhanced,optimized,enhanced,optimized,enhanced,optimized,enhanced,optimized,enhanced,optimized,enhanced,optimized,enhanced,optimized,enhanced,optimized,enhanced,optimized,enhanced,optimized,enhanced,optimized,enhanced,optimized,enhanced,optimized,enhanced,optimized,enhanced,optimized,enhanced,optimized,enhanced,optimized,enhanced,optimized,enhanced,optimized,enhanced,optimized,enhanced,optimized,enhanced
COHORT_003,week_8,followup,2024-02-12_to_2024-02-18,2024-01-01,2024-12-31,365,3500,0.20,0.25,0.92,0.15,0.08,1425.88,0.87,0.0018,0.33,0.17,0.28,0.82,0.05,7,0.9,0.17,0.88,3,0.23,-0.18,0.10,0.82,0.65,0.33,0.80,0.001,positive,moderate,0.13,0.04,0.07,21.5,0.02,-2.98,0.18,0.42,0.82,0.90,1.92,2.08,0.68,0.28,0.88,0.42,0.32,0.58,0.18,moderate,0.25,2,2024-08-22;2024-11-18,3,low,0.20,0.09,0.13,0.13,0.05,0.68,0.10,0.28,0.87,adequate,0.02,0.05,0.20,bonferroni,0.15,holm,experiment.treatment.group_c,treatment_c,control,simple_randomization,age;income,block_3,none,none,none,none,none,none,training.model.champion,neural_network,production,churn_rate,0.70,experimental_conditions.treatment_groups.group_c.condition_id,publication,0.87,training.model.champion.production,inference.prediction.realtime.production,temporal_longitudinal_study,grid_search,time_series_split,expanding_window,deep_features,20,"[1,3,7,14,30,60]",0.1,0.1,0.2,0.2,3,2,3,2,1,2,90,linear,additive,0.15,60,512,0.4,16,8,1024,self_attention,learned,relative,min_max_scaler,deep_features,yes,yes,yes,yes,12,yes,nonlinear_granger,0.018,yes,20,7,0.02,yes,smooth_transition,5,5,"[[0.6,0.3,0.1],[0.3,0.6,0.1],[0.1,0.1,0.8]]","[[0.5,0.5],[0.4,0.6],[0.3,0.7]]",0.92,yes,yes,100,1e-4,-1325.42,2428.68,2475.88,2452.15,aic,0.87,0.85,0.82,10,yes,30,60,9.2,13.1,0.95,0.89,0.80,0.85,0.82,"[0.23,0.20,0.17,0.15,0.13]","[0.21,0.18,0.16,0.14,0.12]","[0.33,0.29,0.25,0.22,0.19]","[0.17,0.15,0.13,0.11,0.10]","[0.25,0.20,0.17,0.15,0.13]","[0.15,0.13,0.11,0.10,0.09]",0.87,yes,0.15,0.018,0.87,0.80,0.018,weekly,0.001,yes,hourly,daily,8,12,yes,yes,yes,yes,yes,yes,hourly,0.12,automated,compliant,complete,yes,0.95,complete,EXP_TMP_003,wandb_temporal_003,logs/tensorboard/temporal,v1.2.3,s3://temporal-artifacts,hourly,automated,tested,0.95,excellent,documented,managed,passed,0.92,operational,tracked,measured,roi_positive,favorable,aligned,competitive,high,mature,assessed,aligned,ready,analyzed,effective,complete,0.92,excellent,strong,adopted,mature,integrated,0.95,excellent,excellent,compliant,excellent,excellent,compliant,0.87,0.92,excellent,excellent,compliant,excellent,assessed,analyzed,excellent,excellent,excellent,enhanced,optimized,high,ready,excellent,reduced,aligned,mature,engaged,ready,excellent,0.95,excellent,strong,high,strong,enhanced,optimized,enhanced,optimized,enhanced,optimized,enhanced,optimized,enhanced,optimized,enhanced,optimized,enhanced,optimized,enhanced,optimized,enhanced,optimized,enhanced,optimized,enhanced,optimized,enhanced,optimized,enhanced,optimized,enhanced,optimized,enhanced,optimized,enhanced,optimized,enhanced,optimized,enhanced,optimized,enhanced,optimized,enhanced,optimized,enhanced,optimized,enhanced,optimized,enhanced,optimized,enhanced,optimized,enhanced,optimized,enhanced,optimized,enhanced,optimized,enhanced,optimized,enhanced,optimized,enhanced,optimized,enhanced,optimized,enhanced,optimized,enhanced,optimized,enhanced,optimized,enhanced,optimized,enhanced,optimized,enhanced,optimized,enhanced,optimized,enhanced,optimized,enhanced,optimized,enhanced,optimized,enhanced,optimized,enhanced,optimized,enhanced,optimized,enhanced,optimized,enhanced,optimized,enhanced,optimized,enhanced,optimized,enhanced,optimized,enhanced,optimized,enhanced,optimized,enhanced,optimized,enhanced,optimized,enhanced,optimized,enhanced,optimized,enhanced,optimized,enhanced,optimized,enhanced,optimized,enhanced,optimized,enhanced,optimized,enhanced,optimized,enhanced,optimized,enhanced,optimized,enhanced
COHORT_004,week_3,baseline,2024-01-15_to_2024-01-21,2024-01-01,2024-12-31,365,4000,0.12,0.14,0.87,0.08,0.13,1085.25,0.78,0.0003,0.22,0.08,0.38,0.68,0.005,7,2.0,0.08,0.80,3,0.12,-0.28,0.02,0.72,0.55,0.22,0.70,0.008,positive,negligible,0.03,0.10,0.15,10.8,0.08,-2.25,0.32,0.65,0.72,0.98,2.75,1.25,0.85,0.38,0.80,0.65,0.55,0.85,0.32,negligible,0.42,5,2024-02-08;2024-04-22;2024-07-15;2024-09-18;2024-12-05,9,very_high,0.32,0.02,0.05,0.03,0.008,0.38,0.02,0.12,0.78,marginal,0.035,0.05,0.20,none,0.25,hochberg,experiment.control,control,control,systematic_sampling,age;income;location,block_4,none,none,none,none,none,none,training.model.baseline,logistic_regression,development,lifetime_value,0.80,experimental_conditions.control.condition_id,exploration,0.80,training.model.baseline.development,inference.prediction.batch.development,temporal_longitudinal_study,grid_search,time_series_split,rolling_origin,statistical_features,8,"[7,14,30]",0.4,0.4,0.05,0.05,1,0,1,0,0,0,365,flat,none,0.2,15,64,0.1,4,2,128,none,none,none,standard_scaler,basic_features,yes,no,no,no,3,no,linear_regression,0.003,no,5,1,0.05,no,linear,1,1,"[[1.0]]","[[1.0]]",0.87,no,no,25,1e-3,-1785.88,3158.78,3185.42,3172.15,aic,0.80,0.77,0.73,3,no,7,15,15.8,19.5,0.90,0.82,0.70,0.78,0.74,"[0.12,0.10,0.08,0.07,0.06]","[0.10,0.09,0.08,0.07,0.06]","[0.22,0.19,0.16,0.14,0.12]","[0.08,0.07,0.06,0.05,0.04]","[0.14,0.12,0.10,0.09,0.08]","[0.08,0.07,0.06,0.05,0.04]",0.78,yes,0.25,0.003,0.78,0.70,0.003,weekly,0.008,yes,hourly,daily,2,72,yes,yes,yes,yes,yes,yes,hourly,0.15,automated,compliant,complete,yes,0.90,complete,EXP_TMP_004,wandb_temporal_004,logs/tensorboard/temporal,v1.2.3,s3://temporal-artifacts,hourly,automated,tested,0.90,excellent,documented,managed,passed,0.87,operational,tracked,measured,roi_positive,favorable,aligned,competitive,high,mature,assessed,aligned,ready,analyzed,effective,complete,0.87,excellent,strong,adopted,mature,integrated,0.90,excellent,excellent,compliant,excellent,excellent,compliant,0.80,0.87,excellent,excellent,compliant,excellent,assessed,analyzed,excellent,excellent,excellent,enhanced,optimized,high,ready,excellent,reduced,aligned,mature,engaged,ready,excellent,0.90,excellent,strong,high,strong,enhanced,optimized,enhanced,optimized,enhanced,optimized,enhanced,optimized,enhanced,optimized,enhanced,optimized,enhanced,optimized,enhanced,optimized,enhanced,optimized,enhanced,optimized,enhanced,optimized,enhanced,optimized,enhanced,optimized,enhanced,optimized,enhanced,optimized,enhanced,optimized,enhanced,optimized,enhanced,optimized,enhanced,optimized,enhanced,optimized,enhanced,optimized,enhanced,optimized,enhanced,optimized,enhanced,optimized,enhanced,optimized,enhanced,optimized,enhanced,optimized,enhanced,optimized,enhanced,optimized,enhanced,optimized,enhanced,optimized,enhanced,optimized,enhanced,optimized,enhanced,optimized,enhanced,optimized,enhanced,optimized,enhanced,optimized,enhanced,optimized,enhanced,optimized,enhanced,optimized,enhanced,optimized,enhanced,optimized,enhanced,optimized,enhanced,optimized,enhanced,optimized,enhanced,optimized,enhanced,optimized,enhanced,optimized,enhanced,optimized,enhanced,optimized,enhanced,optimized,enhanced,optimized,enhanced,optimized,enhanced,optimized,enhanced,optimized,enhanced,optimized,enhanced,optimized,enhanced,optimized,enhanced,optimized,enhanced,optimized,enhanced,optimized,enhanced,optimized,enhanced,optimized,enhanced
COHORT_004,week_6,intervention,2024-01-29_to_2024-02-04,2024-01-01,2024-12-31,365,4000,0.14,0.17,0.89,0.10,0.11,1205.88,0.81,0.0008,0.26,0.11,0.35,0.74,0.02,7,1.5,0.11,0.83,3,0.16,-0.24,0.05,0.76,0.59,0.26,0.74,0.005,positive,very_weak,0.06,0.08,0.12,13.8,0.05,-2.52,0.28,0.58,0.76,0.95,2.48,1.52,0.78,0.35,0.83,0.58,0.48,0.78,0.28,very_weak,0.35,4,2024-04-22;2024-07-15;2024-09-18;2024-12-05,6,high,0.28,0.04,0.07,0.06,0.02,0.48,0.05,0.18,0.81,adequate,0.03,0.05,0.20,bonferroni,0.22,hochberg,experiment.control,control,control,systematic_sampling,age;income;location,block_4,none,none,none,none,none,none,training.model.baseline,logistic_regression,development,lifetime_value,0.80,experimental_conditions.control.condition_id,exploration,0.82,training.model.baseline.development,inference.prediction.batch.development,temporal_longitudinal_study,grid_search,time_series_split,rolling_origin,statistical_features,8,"[7,14,30]",0.4,0.4,0.05,0.05,1,0,1,0,0,0,365,flat,none,0.2,15,64,0.1,4,2,128,none,none,none,standard_scaler,basic_features,yes,no,no,no,3,no,linear_regression,0.008,no,5,1,0.03,no,linear,1,1,"[[1.0]]","[[1.0]]",0.89,no,no,25,1e-3,-1585.45,2758.88,2785.42,2772.15,aic,0.82,0.79,0.76,3,no,7,15,13.5,17.2,0.91,0.84,0.73,0.80,0.76,"[0.16,0.14,0.12,0.10,0.09]","[0.14,0.12,0.11,0.10,0.09]","[0.26,0.22,0.19,0.16,0.14]","[0.11,0.09,0.08,0.07,0.06]","[0.17,0.14,0.12,0.11,0.10]","[0.10,0.09,0.08,0.07,0.06]",0.81,yes,0.22,0.008,0.81,0.74,0.008,weekly,0.005,yes,hourly,daily,2,72,yes,yes,yes,yes,yes,yes,hourly,0.15,automated,compliant,complete,yes,0.91,complete,EXP_TMP_004,wandb_temporal_004,logs/tensorboard/temporal,v1.2.3,s3://temporal-artifacts,hourly,automated,tested,0.91,excellent,documented,managed,passed,0.89,operational,tracked,measured,roi_positive,favorable,aligned,competitive,high,mature,assessed,aligned,ready,analyzed,effective,complete,0.89,excellent,strong,adopted,mature,integrated,0.91,excellent,excellent,compliant,excellent,excellent,compliant,0.82,0.89,excellent,excellent,compliant,excellent,assessed,analyzed,excellent,excellent,excellent,enhanced,optimized,high,ready,excellent,reduced,aligned,mature,engaged,ready,excellent,0.91,excellent,strong,high,strong,enhanced,optimized,enhanced,optimized,enhanced,optimized,enhanced,optimized,enhanced,optimized,enhanced,optimized,enhanced,optimized,enhanced,optimized,enhanced,optimized,enhanced,optimized,enhanced,optimized,enhanced,optimized,enhanced,optimized,enhanced,optimized,enhanced,optimized,enhanced,optimized,enhanced,optimized,enhanced,optimized,enhanced,optimized,enhanced,optimized,enhanced,optimized,enhanced,optimized,enhanced,optimized,enhanced,optimized,enhanced,optimized,enhanced,optimized,enhanced,optimized,enhanced,optimized,enhanced,optimized,enhanced,optimized,enhanced,optimized,enhanced,optimized,enhanced,optimized,enhanced,optimized,enhanced,optimized,enhanced,optimized,enhanced,optimized,enhanced,optimized,enhanced,optimized,enhanced,optimized,enhanced,optimized,enhanced,optimized,enhanced,optimized,enhanced,optimized,enhanced,optimized,enhanced,optimized,enhanced,optimized,enhanced,optimized,enhanced,optimized,enhanced,optimized,enhanced,optimized,enhanced,optimized,enhanced,optimized,enhanced,optimized,enhanced,optimized,enhanced,optimized,enhanced,optimized,enhanced,optimized,enhanced,optimized,enhanced,optimized,enhanced,optimized,enhanced,optimized,enhanced,optimized,enhanced
COHORT_004,week_12,followup,2024-03-11_to_2024-03-17,2024-01-01,2024-12-31,365,4000,0.17,0.20,0.91,0.12,0.09,1325.45,0.84,0.0015,0.30,0.14,0.32,0.80,0.04,7,1.0,0.14,0.86,3,0.20,-0.20,0.08,0.80,0.63,0.30,0.78,0.002,positive,weak,0.10,0.06,0.09,18.2,0.03,-2.78,0.24,0.52,0.80,0.92,2.22,1.78,0.72,0.32,0.86,0.52,0.42,0.68,0.24,weak,0.28,3,2024-07-15;2024-09-18;2024-12-05,4,medium,0.24,0.07,0.10,0.10,0.04,0.58,0.08,0.25,0.84,adequate,0.025,0.05,0.20,bonferroni,0.18,hochberg,experiment.control,control,control,systematic_sampling,age;income;location,block_4,none,none,none,none,none,none,training.model.baseline,logistic_regression,development,lifetime_value,0.80,experimental_conditions.control.condition_id,exploration,0.84,training.model.baseline.development,inference.prediction.batch.development,temporal_longitudinal_study,grid_search,time_series_split,rolling_origin,statistical_features,8,"[7,14,30]",0.4,0.4,0.05,0.05,1,0,1,0,0,0,365,flat,none,0.2,15,64,0.1,4,2,128,none,none,none,standard_scaler,basic_features,yes,no,no,no,3,no,linear_regression,0.015,no,5,1,0.025,no,linear,1,1,"[[1.0]]","[[1.0]]",0.91,no,no,25,1e-3,-1385.78,2458.88,2485.42,2472.15,aic,0.84,0.81,0.78,3,no,7,15,11.2,15.5,0.92,0.86,0.76,0.82,0.78,"[0.20,0.17,0.14,0.12,0.11]","[0.18,0.15,0.13,0.12,0.11]","[0.30,0.26,0.22,0.19,0.16]","[0.14,0.12,0.10,0.09,0.08]","[0.20,0.17,0.14,0.12,0.11]","[0.12,0.10,0.09,0.08,0.07]",0.84,yes,0.18,0.015,0.84,0.78,0.015,weekly,0.002,yes,hourly,daily,2,72,yes,yes,yes,yes,yes,yes,hourly,0.15,automated,compliant,complete,yes,0.92,complete,EXP_TMP_004,wandb_temporal_004,logs/tensorboard/temporal,v1.2.3,s3://temporal-artifacts,hourly,automated,tested,0.92,excellent,documented,managed,passed,0.91,operational,tracked,measured,roi_positive,favorable,aligned,competitive,high,mature,assessed,aligned,ready,analyzed,effective,complete,0.91,excellent,strong,adopted,mature,integrated,0.92,excellent,excellent,compliant,excellent,excellent,compliant,0.84,0.91,excellent,excellent,compliant,excellent,assessed,analyzed,excellent,excellent,excellent,enhanced,optimized,high,ready,excellent,reduced,aligned,mature,engaged,ready,excellent,0.92,excellent,strong,high,strong,enhanced,optimized,enhanced,optimized,enhanced,optimized,enhanced,optimized,enhanced,optimized,enhanced,optimized,enhanced,optimized,enhanced,optimized,enhanced,optimized,enhanced,optimized,enhanced,optimized,enhanced,optimized,enhanced,optimized,enhanced,optimized,enhanced,optimized,enhanced,optimized,enhanced,optimized,enhanced,optimized,enhanced,optimized,enhanced,optimized,enhanced,optimized,enhanced,optimized,enhanced,optimized,enhanced,optimized,enhanced,optimized,enhanced,optimized,enhanced,optimized,enhanced,optimized,enhanced,optimized,enhanced,optimized,enhanced,optimized,enhanced,optimized,enhanced,optimized,enhanced,optimized,enhanced,optimized,enhanced,optimized,enhanced,optimized,enhanced,optimized,enhanced,optimized,enhanced,optimized,enhanced,optimized,enhanced,optimized,enhanced,optimized,enhanced,optimized,enhanced,optimized,enhanced,optimized,enhanced,optimized,enhanced,optimized,enhanced,optimized,enhanced,optimized,enhanced,optimized,enhanced,optimized,enhanced,optimized,enhanced,optimized,enhanced,optimized,enhanced,optimized,enhanced,optimized,enhanced,optimized,enhanced,optimized,enhanced,optimized,enhanced,optimized,enhanced,optimized,enhanced,optimized,enhanced
COHORT_005,week_4,baseline,2024-01-22_to_2024-01-28,2024-01-01,2024-12-31,365,4500,0.11,0.13,0.86,0.07,0.14,985.85,0.76,0.0001,0.18,0.06,0.42,0.65,0.002,7,2.5,0.06,0.78,3,0.08,-0.32,0.01,0.68,0.52,0.18,0.68,0.01,neutral,none,0.01,0.12,0.18,8.5,0.12,-2.05,0.38,0.72,0.68,0.99,3.05,0.95,0.92,0.42,0.78,0.72,0.62,0.92,0.38,none,0.48,6,2024-01-30;2024-03-25;2024-06-08;2024-08-12;2024-10-28;2024-12-22,12,extreme,0.38,0.01,0.03,0.01,0.001,0.28,0.01,0.08,0.76,marginal,0.04,0.05,0.20,none,0.28,sidak,experiment.treatment.group_d,treatment_d,control,adaptive_randomization,age;income;education;geography,block_5,none,none,none,none,none,none,training.model.champion,ensemble,production,lifetime_value,0.90,experimental_conditions.treatment_groups.group_d.condition_id,publication,0.78,training.model.champion.production,inference.prediction.realtime.production,temporal_longitudinal_study,bayesian_optimization,time_series_split,nested_cross_validation,ensemble_features,25,"[1,2,3,7,14,30,60,90]",0.05,0.05,0.25,0.25,5,3,5,3,2,3,365,linear,multiplicative,0.3,90,1024,0.5,20,10,2048,hierarchical_attention,learned,absolute,robust_scaler,ensemble_features,yes,yes,yes,yes,15,yes,multivariate_granger,0.001,yes,30,10,0.01,yes,markov_switching,8,8,"[[0.5,0.3,0.2],[0.3,0.5,0.2],[0.2,0.2,0.6]]","[[0.4,0.6],[0.3,0.7],[0.2,0.8]]",0.86,yes,yes,150,1e-6,-1985.88,3558.78,3625.42,3592.15,hqic,0.78,0.75,0.70,15,yes,45,90,18.5,22.8,0.88,0.80,0.68,0.76,0.72,"[0.08,0.07,0.06,0.05,0.04]","[0.07,0.06,0.05,0.04,0.04]","[0.18,0.15,0.13,0.11,0.09]","[0.06,0.05,0.04,0.04,0.03]","[0.13,0.11,0.09,0.08,0.07]","[0.07,0.06,0.05,0.04,0.04]",0.76,yes,0.28,0.001,0.76,0.68,0.001,weekly,0.01,yes,hourly,daily,12,6,yes,yes,yes,yes,yes,yes,hourly,0.18,automated,compliant,complete,yes,0.88,complete,EXP_TMP_005,wandb_temporal_005,logs/tensorboard/temporal,v1.2.3,s3://temporal-artifacts,hourly,automated,tested,0.88,excellent,documented,managed,passed,0.86,operational,tracked,measured,roi_positive,favorable,aligned,competitive,high,mature,assessed,aligned,ready,analyzed,effective,complete,0.86,excellent,strong,adopted,mature,integrated,0.88,excellent,excellent,compliant,excellent,excellent,compliant,0.78,0.86,excellent,excellent,compliant,excellent,assessed,analyzed,excellent,excellent,excellent,enhanced,optimized,high,ready,excellent,reduced,aligned,mature,engaged,ready,excellent,0.88,excellent,strong,high,strong,enhanced,optimized,enhanced,optimized,enhanced,optimized,enhanced,optimized,enhanced,optimized,enhanced,optimized,enhanced,optimized,enhanced,optimized,enhanced,optimized,enhanced,optimized,enhanced,optimized,enhanced,optimized,enhanced,optimized,enhanced,optimized,enhanced,optimized,enhanced,optimized,enhanced,optimized,enhanced,optimized,enhanced,optimized,enhanced,optimized,enhanced,optimized,enhanced,optimized,enhanced,optimized,enhanced,optimized,enhanced,optimized,enhanced,optimized,enhanced,optimized,enhanced,optimized,enhanced,optimized,enhanced,optimized,enhanced,optimized,enhanced,optimized,enhanced,optimized,enhanced,optimized,enhanced,optimized,enhanced,optimized,enhanced,optimized,enhanced,optimized,enhanced,optimized,enhanced,optimized,enhanced,optimized,enhanced,optimized,enhanced,optimized,enhanced,optimized,enhanced,optimized,enhanced,optimized,enhanced,optimized,enhanced,optimized,enhanced,optimized,enhanced,optimized,enhanced,optimized,enhanced,optimized,enhanced,optimized,enhanced,optimized,enhanced,optimized,enhanced,optimized,enhanced,optimized,enhanced,optimized,enhanced,optimized,enhanced,optimized,enhanced,optimized,enhanced,optimized,enhanced,optimized,enhanced
COHORT_005,week_8,intervention,2024-02-05_to_2024-02-11,2024-01-01,2024-12-31,365,4500,0.13,0.18,0.88,0.11,0.12,1185.22,0.80,0.0009,0.23,0.10,0.38,0.72,0.01,7,2.0,0.10,0.81,3,0.13,-0.28,0.04,0.72,0.56,0.23,0.72,0.008,positive,very_weak,0.05,0.10,0.14,12.2,0.08,-2.32,0.32,0.65,0.72,0.97,2.78,1.22,0.88,0.38,0.81,0.65,0.55,0.88,0.32,very_weak,0.40,5,2024-03-25;2024-06-08;2024-08-12;2024-10-28;2024-12-22,8,very_high,0.32,0.03,0.05,0.05,0.008,0.38,0.03,0.15,0.80,adequate,0.035,0.05,0.20,bonferroni,0.24,sidak,experiment.treatment.group_d,treatment_d,control,adaptive_randomization,age;income;education;geography,block_5,none,none,none,none,none,none,training.model.champion,ensemble,production,lifetime_value,0.90,experimental_conditions.treatment_groups.group_d.condition_id,publication,0.82,training.model.champion.production,inference.prediction.realtime.production,temporal_longitudinal_study,bayesian_optimization,time_series_split,nested_cross_validation,ensemble_features,25,"[1,2,3,7,14,30,60,90]",0.05,0.05,0.25,0.25,5,3,5,3,2,3,365,linear,multiplicative,0.3,90,1024,0.5,20,10,2048,hierarchical_attention,learned,absolute,robust_scaler,ensemble_features,yes,yes,yes,yes,15,yes,multivariate_granger,0.009,yes,30,10,0.035,yes,markov_switching,8,8,"[[0.5,0.3,0.2],[0.3,0.5,0.2],[0.2,0.2,0.6]]","[[0.4,0.6],[0.3,0.7],[0.2,0.8]]",0.88,yes,yes,150,1e-6,-1785.45,3158.88,3215.42,3187.15,hqic,0.82,0.79,0.75,15,yes,45,90,15.8,19.5,0.90,0.83,0.72,0.79,0.75,"[0.13,0.11,0.10,0.09,0.08]","[0.11,0.10,0.09,0.08,0.07]","[0.23,0.20,0.17,0.15,0.13]","[0.10,0.09,0.08,0.07,0.06]","[0.18,0.15,0.13,0.11,0.10]","[0.11,0.09,0.08,0.07,0.06]",0.80,yes,0.24,0.009,0.80,0.72,0.009,weekly,0.008,yes,hourly,daily,12,6,yes,yes,yes,yes,yes,yes,hourly,0.18,automated,compliant,complete,yes,0.90,complete,EXP_TMP_005,wandb_temporal_005,logs/tensorboard/temporal,v1.2.3,s3://temporal-artifacts,hourly,automated,tested,0.90,excellent,documented,managed,passed,0.88,operational,tracked,measured,roi_positive,favorable,aligned,competitive,high,mature,assessed,aligned,ready,analyzed,effective,complete,0.88,excellent,strong,adopted,mature,integrated,0.90,excellent,excellent,compliant,excellent,excellent,compliant,0.82,0.88,excellent,excellent,compliant,excellent,assessed,analyzed,excellent,excellent,excellent,enhanced,optimized,high,ready,excellent,reduced,aligned,mature,engaged,ready,excellent,0.90,excellent,strong,high,strong,enhanced,optimized,enhanced,optimized,enhanced,optimized,enhanced,optimized,enhanced,optimized,enhanced,optimized,enhanced,optimized,enhanced,optimized,enhanced,optimized,enhanced,optimized,enhanced,optimized,enhanced,optimized,enhanced,optimized,enhanced,optimized,enhanced,optimized,enhanced,optimized,enhanced,optimized,enhanced,optimized,enhanced,optimized,enhanced,optimized,enhanced,optimized,enhanced,optimized,enhanced,optimized,enhanced,optimized,enhanced,optimized,enhanced,optimized,enhanced,optimized,enhanced,optimized,enhanced,optimized,enhanced,optimized,enhanced,optimized,enhanced,optimized,enhanced,optimized,enhanced,optimized,enhanced,optimized,enhanced,optimized,enhanced,optimized,enhanced,optimized,enhanced,optimized,enhanced,optimized,enhanced,optimized,enhanced,optimized,enhanced,optimized,enhanced,optimized,enhanced,optimized,enhanced,optimized,enhanced,optimized,enhanced,optimized,enhanced,optimized,enhanced,optimized,enhanced,optimized,enhanced,optimized,enhanced,optimized,enhanced,optimized,enhanced,optimized,enhanced,optimized,enhanced,optimized,enhanced,optimized,enhanced,optimized,enhanced,optimized,enhanced,optimized,enhanced,optimized,enhanced,optimized,enhanced
COHORT_005,week_16,followup,2024-04-15_to_2024-04-21,2024-01-01,2024-12-31,365,4500,0.18,0.24,0.90,0.16,0.10,1485.78,0.85,0.0020,0.28,0.15,0.34,0.78,0.03,7,1.2,0.15,0.84,3,0.18,-0.24,0.08,0.78,0.62,0.28,0.76,0.005,positive,weak,0.12,0.08,0.10,18.8,0.05,-2.65,0.25,0.55,0.78,0.94,2.45,1.55,0.78,0.34,0.84,0.55,0.45,0.78,0.25,weak,0.32,4,2024-06-08;2024-08-12;2024-10-28;2024-12-22,5,medium,0.28,0.08,0.12,0.12,0.02,0.58,0.08,0.25,0.85,adequate,0.025,0.05,0.20,bonferroni,0.18,sidak,experiment.treatment.group_d,treatment_d,control,adaptive_randomization,age;income;education;geography,block_5,none,none,none,none,none,none,training.model.champion,ensemble,production,lifetime_value,0.90,experimental_conditions.treatment_groups.group_d.condition_id,publication,0.85,training.model.champion.production,inference.prediction.realtime.production,temporal_longitudinal_study,bayesian_optimization,time_series_split,nested_cross_validation,ensemble_features,25,"[1,2,3,7,14,30,60,90]",0.05,0.05,0.25,0.25,5,3,5,3,2,3,365,linear,multiplicative,0.3,90,1024,0.5,20,10,2048,hierarchical_attention,learned,absolute,robust_scaler,ensemble_features,yes,yes,yes,yes,15,yes,multivariate_granger,0.020,yes,30,10,0.025,yes,markov_switching,8,8,"[[0.5,0.3,0.2],[0.3,0.5,0.2],[0.2,0.2,0.6]]","[[0.4,0.6],[0.3,0.7],[0.2,0.8]]",0.90,yes,yes,150,1e-6,-1485.88,2758.78,2815.42,2787.15,hqic,0.85,0.82,0.78,15,yes,45,90,12.5,16.8,0.92,0.86,0.76,0.82,0.78,"[0.18,0.16,0.14,0.12,0.11]","[0.16,0.14,0.13,0.11,0.10]","[0.28,0.25,0.22,0.19,0.16]","[0.15,0.13,0.11,0.10,0.09]","[0.24,0.20,0.18,0.16,0.14]","[0.16,0.14,0.12,0.11,0.10]",0.85,yes,0.18,0.020,0.85,0.76,0.020,weekly,0.005,yes,hourly,daily,12,6,yes,yes,yes,yes,yes,yes,hourly,0.18,automated,compliant,complete,yes,0.92,complete,EXP_TMP_005,wandb_temporal_005,logs/tensorboard/temporal,v1.2.3,s3://temporal-artifacts,hourly,automated,tested,0.92,excellent,documented,managed,passed,0.90,operational,tracked,measured,roi_positive,favorable,aligned,competitive,high,mature,assessed,aligned,ready,analyzed,effective,complete,0.90,excellent,strong,adopted,mature,integrated,0.92,excellent,excellent,compliant,excellent,excellent,compliant,0.85,0.90,excellent,excellent,compliant,excellent,assessed,analyzed,excellent,excellent,excellent,enhanced,optimized,high,ready,excellent,reduced,aligned,mature,engaged,ready,excellent,0.92,excellent,strong,high,strong,enhanced,optimized,enhanced,optimized,enhanced,optimized,enhanced,optimized,enhanced,optimized,enhanced,optimized,enhanced,optimized,enhanced,optimized,enhanced,optimized,enhanced,optimized,enhanced,optimized,enhanced,optimized,enhanced,optimized,enhanced,optimized,enhanced,optimized,enhanced,optimized,enhanced,optimized,enhanced,optimized,enhanced,optimized,enhanced,optimized,enhanced,optimized,enhanced,optimized,enhanced,optimized,enhanced,optimized,enhanced,optimized,enhanced,optimized,enhanced,optimized,enhanced,optimized,enhanced,optimized,enhanced,optimized,enhanced,optimized,enhanced,optimized,enhanced,optimized,enhanced,optimized,enhanced,optimized,enhanced,optimized,enhanced,optimized,enhanced,optimized,enhanced,optimized,enhanced,optimized,enhanced,optimized,enhanced,optimized,enhanced,optimized,enhanced,optimized,enhanced,optimized,enhanced,optimized,enhanced,optimized,enhanced,optimized,enhanced,optimized,enhanced,optimized,enhanced,optimized,enhanced,optimized,enhanced,optimized,enhanced,optimized,enhanced,optimized,enhanced,optimized,enhanced,optimized,enhanced,optimized,enhanced,optimized,enhanced,optimized,enhanced,optimized,enhanced,optimized,enhanced,optimized,enhanced